[{"model": "contenttypes.contenttype", "pk": 1, "fields": {"app_label": "admin", "model": "logentry"}}, {"model": "contenttypes.contenttype", "pk": 2, "fields": {"app_label": "auth", "model": "permission"}}, {"model": "contenttypes.contenttype", "pk": 3, "fields": {"app_label": "auth", "model": "group"}}, {"model": "contenttypes.contenttype", "pk": 4, "fields": {"app_label": "auth", "model": "user"}}, {"model": "contenttypes.contenttype", "pk": 5, "fields": {"app_label": "contenttypes", "model": "contenttype"}}, {"model": "contenttypes.contenttype", "pk": 6, "fields": {"app_label": "sessions", "model": "session"}}, {"model": "contenttypes.contenttype", "pk": 7, "fields": {"app_label": "userena", "model": "userenasignup"}}, {"model": "contenttypes.contenttype", "pk": 8, "fields": {"app_label": "guardian", "model": "userobjectpermission"}}, {"model": "contenttypes.contenttype", "pk": 9, "fields": {"app_label": "guardian", "model": "groupobjectpermission"}}, {"model": "contenttypes.contenttype", "pk": 10, "fields": {"app_label": "easy_thumbnails", "model": "source"}}, {"model": "contenttypes.contenttype", "pk": 11, "fields": {"app_label": "easy_thumbnails", "model": "thumbnail"}}, {"model": "contenttypes.contenttype", "pk": 12, "fields": {"app_label": "easy_thumbnails", "model": "thumbnaildimensions"}}, {"model": "contenttypes.contenttype", "pk": 13, "fields": {"app_label": "sites", "model": "site"}}, {"model": "contenttypes.contenttype", "pk": 14, "fields": {"app_label": "lozprofile", "model": "lozprofile"}}, {"model": "contenttypes.contenttype", "pk": 15, "fields": {"app_label": "lozprofile", "model": "profilepart"}}, {"model": "contenttypes.contenttype", "pk": 16, "fields": {"app_label": "lozprofile", "model": "profilepro"}}, {"model": "contenttypes.contenttype", "pk": 17, "fields": {"app_label": "lozapp", "model": "address"}}, {"model": "contenttypes.contenttype", "pk": 18, "fields": {"app_label": "lozapp", "model": "categorie"}}, {"model": "contenttypes.contenttype", "pk": 19, "fields": {"app_label": "lozapp", "model": "event"}}, {"model": "sessions.session", "pk": "jpa6eg4x0qcrbzmaaylz12t6ih7wu1j9", "fields": {"session_data": "YjQ4YWEwZTBlNTNiZmY1YTI3M2M2N2ZmODk0NjUzMzc2NzdhODFkZDp7Il9hdXRoX3VzZXJfaGFzaCI6IjgxYjc2NzQwZDljYzRjNmU3ODBlOTcwNmM5NTlkNDM1OWI4MTQzZDYiLCJfYXV0aF91c2VyX2JhY2tlbmQiOiJkamFuZ28uY29udHJpYi5hdXRoLmJhY2tlbmRzLk1vZGVsQmFja2VuZCIsIl9hdXRoX3VzZXJfaWQiOiIxIn0=", "expire_date": "2016-06-10T08:51:25.920Z"}}, {"model": "sessions.session", "pk": "jpc1iqlks406bc32g33ulhyok15kcg9p", "fields": {"session_data": "YjQ4YWEwZTBlNTNiZmY1YTI3M2M2N2ZmODk0NjUzMzc2NzdhODFkZDp7Il9hdXRoX3VzZXJfaGFzaCI6IjgxYjc2NzQwZDljYzRjNmU3ODBlOTcwNmM5NTlkNDM1OWI4MTQzZDYiLCJfYXV0aF91c2VyX2JhY2tlbmQiOiJkamFuZ28uY29udHJpYi5hdXRoLmJhY2tlbmRzLk1vZGVsQmFja2VuZCIsIl9hdXRoX3VzZXJfaWQiOiIxIn0=", "expire_date": "2016-06-09T12:53:40.927Z"}}, {"model": "sessions.session", "pk": "tt8drjqlv5j5oieenzokpwww152k33q3", "fields": {"session_data": "MmM1NmRiOWE2MjA5ZTkyNTE0MjNhNjY1YWUxOGUwYzdmNjc2MTFiYTp7Il9zZXNzaW9uX2V4cGlyeSI6MCwiX2F1dGhfdXNlcl9oYXNoIjoiZjlkNmZiZDBlNDRmNGE4ZDI5MzI5MzdmNzhlN2IzZDIwYTRlNTc3MiIsIl9hdXRoX3VzZXJfYmFja2VuZCI6InVzZXJlbmEuYmFja2VuZHMuVXNlcmVuYUF1dGhlbnRpY2F0aW9uQmFja2VuZCIsIl9hdXRoX3VzZXJfaWQiOiI4In0=", "expire_date": "2016-06-09T14:52:28.850Z"}}, {"model": "sessions.session", "pk": "u6kh6olytyfws2r46a2rcslazz8zcifa", "fields": {"session_data": "YjQ4YWEwZTBlNTNiZmY1YTI3M2M2N2ZmODk0NjUzMzc2NzdhODFkZDp7Il9hdXRoX3VzZXJfaGFzaCI6IjgxYjc2NzQwZDljYzRjNmU3ODBlOTcwNmM5NTlkNDM1OWI4MTQzZDYiLCJfYXV0aF91c2VyX2JhY2tlbmQiOiJkamFuZ28uY29udHJpYi5hdXRoLmJhY2tlbmRzLk1vZGVsQmFja2VuZCIsIl9hdXRoX3VzZXJfaWQiOiIxIn0=", "expire_date": "2016-06-09T13:36:14.475Z"}}, {"model": "easy_thumbnails.source", "pk": 1, "fields": {"storage_hash": "f9bde26a1556cd667f742bd34ec7c55e", "name": "mugshots/501ca81071.jpg", "modified": "2016-05-26T14:53:24.012Z"}}, {"model": "sites.site", "pk": 1, "fields": {"domain": "localhost", "name": "example.com"}}, {"model": "lozprofile.profilepart", "pk": 1, "fields": {"profile": 5}}, {"model": "lozprofile.profilepart", "pk": 2, "fields": {"profile": 7}}, {"model": "lozprofile.profilepro", "pk": 1, "fields": {"profile": 6, "company_name": "azert", "siret": 545545, "number": 45454545}}, {"model": "lozprofile.profilepro", "pk": 2, "fields": {"profile": 8, "company_name": "toto co", "siret": 654654545, "number": 404040404}}, {"model": "lozapp.address", "pk": 1, "fields": {"zipcode": "48000", "city": "mende", "street": "10 avenue foch", "poly": "SRID=4326;POINT (3.8567391000000000 44.7297478999999996)"}}, {"model": "lozapp.address", "pk": 2, "fields": {"zipcode": "48000", "city": "mende", "street": "10 avenue foch", "poly": "SRID=4326;POINT (3.8567391000000000 44.7297478999999996)"}}, {"model": "lozapp.address", "pk": 3, "fields": {"zipcode": "34410", "city": "sauvian", "street": "12 rue des hortensias", "poly": "SRID=4326;POINT (3.2511564000000002 43.2947321999999986)"}}, {"model": "lozapp.address", "pk": 4, "fields": {"zipcode": "34410", "city": "sauvian", "street": "12 rue des hortensias", "poly": "SRID=4326;POINT (3.2511564000000002 43.2947321999999986)"}}, {"model": "lozapp.address", "pk": 5, "fields": {"zipcode": "48300", "city": "langogne", "street": "10 avenue foch", "poly": "SRID=4326;POINT (3.8567391000000000 44.7297478999999996)"}}, {"model": "lozapp.address", "pk": 6, "fields": {"zipcode": "48000", "city": "mende", "street": "10 avenue du marechal foch", "poly": "SRID=4326;POINT (3.4919297999999999 44.5179991999999984)"}}, {"model": "lozapp.categorie", "pk": 1, "fields": {"name": "Plop"}}, {"model": "auth.permission", "pk": 1, "fields": {"name": "Can add log entry", "content_type": 1, "codename": "add_logentry"}}, {"model": "auth.permission", "pk": 2, "fields": {"name": "Can change log entry", "content_type": 1, "codename": "change_logentry"}}, {"model": "auth.permission", "pk": 3, "fields": {"name": "Can delete log entry", "content_type": 1, "codename": "delete_logentry"}}, {"model": "auth.permission", "pk": 4, "fields": {"name": "Can add permission", "content_type": 2, "codename": "add_permission"}}, {"model": "auth.permission", "pk": 5, "fields": {"name": "Can change permission", "content_type": 2, "codename": "change_permission"}}, {"model": "auth.permission", "pk": 6, "fields": {"name": "Can delete permission", "content_type": 2, "codename": "delete_permission"}}, {"model": "auth.permission", "pk": 7, "fields": {"name": "Can add group", "content_type": 3, "codename": "add_group"}}, {"model": "auth.permission", "pk": 8, "fields": {"name": "Can change group", "content_type": 3, "codename": "change_group"}}, {"model": "auth.permission", "pk": 9, "fields": {"name": "Can delete group", "content_type": 3, "codename": "delete_group"}}, {"model": "auth.permission", "pk": 10, "fields": {"name": "Can add user", "content_type": 4, "codename": "add_user"}}, {"model": "auth.permission", "pk": 11, "fields": {"name": "Can change user", "content_type": 4, "codename": "change_user"}}, {"model": "auth.permission", "pk": 12, "fields": {"name": "Can delete user", "content_type": 4, "codename": "delete_user"}}, {"model": "auth.permission", "pk": 13, "fields": {"name": "Can add content type", "content_type": 5, "codename": "add_contenttype"}}, {"model": "auth.permission", "pk": 14, "fields": {"name": "Can change content type", "content_type": 5, "codename": "change_contenttype"}}, {"model": "auth.permission", "pk": 15, "fields": {"name": "Can delete content type", "content_type": 5, "codename": "delete_contenttype"}}, {"model": "auth.permission", "pk": 16, "fields": {"name": "Can add session", "content_type": 6, "codename": "add_session"}}, {"model": "auth.permission", "pk": 17, "fields": {"name": "Can change session", "content_type": 6, "codename": "change_session"}}, {"model": "auth.permission", "pk": 18, "fields": {"name": "Can delete session", "content_type": 6, "codename": "delete_session"}}, {"model": "auth.permission", "pk": 19, "fields": {"name": "Can add userena registration", "content_type": 7, "codename": "add_userenasignup"}}, {"model": "auth.permission", "pk": 20, "fields": {"name": "Can change userena registration", "content_type": 7, "codename": "change_userenasignup"}}, {"model": "auth.permission", "pk": 21, "fields": {"name": "Can delete userena registration", "content_type": 7, "codename": "delete_userenasignup"}}, {"model": "auth.permission", "pk": 22, "fields": {"name": "Can add user object permission", "content_type": 8, "codename": "add_userobjectpermission"}}, {"model": "auth.permission", "pk": 23, "fields": {"name": "Can change user object permission", "content_type": 8, "codename": "change_userobjectpermission"}}, {"model": "auth.permission", "pk": 24, "fields": {"name": "Can delete user object permission", "content_type": 8, "codename": "delete_userobjectpermission"}}, {"model": "auth.permission", "pk": 25, "fields": {"name": "Can add group object permission", "content_type": 9, "codename": "add_groupobjectpermission"}}, {"model": "auth.permission", "pk": 26, "fields": {"name": "Can change group object permission", "content_type": 9, "codename": "change_groupobjectpermission"}}, {"model": "auth.permission", "pk": 27, "fields": {"name": "Can delete group object permission", "content_type": 9, "codename": "delete_groupobjectpermission"}}, {"model": "auth.permission", "pk": 28, "fields": {"name": "Can add source", "content_type": 10, "codename": "add_source"}}, {"model": "auth.permission", "pk": 29, "fields": {"name": "Can change source", "content_type": 10, "codename": "change_source"}}, {"model": "auth.permission", "pk": 30, "fields": {"name": "Can delete source", "content_type": 10, "codename": "delete_source"}}, {"model": "auth.permission", "pk": 31, "fields": {"name": "Can add thumbnail", "content_type": 11, "codename": "add_thumbnail"}}, {"model": "auth.permission", "pk": 32, "fields": {"name": "Can change thumbnail", "content_type": 11, "codename": "change_thumbnail"}}, {"model": "auth.permission", "pk": 33, "fields": {"name": "Can delete thumbnail", "content_type": 11, "codename": "delete_thumbnail"}}, {"model": "auth.permission", "pk": 34, "fields": {"name": "Can add thumbnail dimensions", "content_type": 12, "codename": "add_thumbnaildimensions"}}, {"model": "auth.permission", "pk": 35, "fields": {"name": "Can change thumbnail dimensions", "content_type": 12, "codename": "change_thumbnaildimensions"}}, {"model": "auth.permission", "pk": 36, "fields": {"name": "Can delete thumbnail dimensions", "content_type": 12, "codename": "delete_thumbnaildimensions"}}, {"model": "auth.permission", "pk": 37, "fields": {"name": "Can add site", "content_type": 13, "codename": "add_site"}}, {"model": "auth.permission", "pk": 38, "fields": {"name": "Can change site", "content_type": 13, "codename": "change_site"}}, {"model": "auth.permission", "pk": 39, "fields": {"name": "Can delete site", "content_type": 13, "codename": "delete_site"}}, {"model": "auth.permission", "pk": 40, "fields": {"name": "Can add loz profile", "content_type": 14, "codename": "add_lozprofile"}}, {"model": "auth.permission", "pk": 41, "fields": {"name": "Can change loz profile", "content_type": 14, "codename": "change_lozprofile"}}, {"model": "auth.permission", "pk": 42, "fields": {"name": "Can delete loz profile", "content_type": 14, "codename": "delete_lozprofile"}}, {"model": "auth.permission", "pk": 43, "fields": {"name": "Can view profile", "content_type": 14, "codename": "view_profile"}}, {"model": "auth.permission", "pk": 44, "fields": {"name": "Can add profile part", "content_type": 15, "codename": "add_profilepart"}}, {"model": "auth.permission", "pk": 45, "fields": {"name": "Can change profile part", "content_type": 15, "codename": "change_profilepart"}}, {"model": "auth.permission", "pk": 46, "fields": {"name": "Can delete profile part", "content_type": 15, "codename": "delete_profilepart"}}, {"model": "auth.permission", "pk": 47, "fields": {"name": "Can add profile pro", "content_type": 16, "codename": "add_profilepro"}}, {"model": "auth.permission", "pk": 48, "fields": {"name": "Can change profile pro", "content_type": 16, "codename": "change_profilepro"}}, {"model": "auth.permission", "pk": 49, "fields": {"name": "Can delete profile pro", "content_type": 16, "codename": "delete_profilepro"}}, {"model": "auth.permission", "pk": 50, "fields": {"name": "Can add address", "content_type": 17, "codename": "add_address"}}, {"model": "auth.permission", "pk": 51, "fields": {"name": "Can change address", "content_type": 17, "codename": "change_address"}}, {"model": "auth.permission", "pk": 52, "fields": {"name": "Can delete address", "content_type": 17, "codename": "delete_address"}}, {"model": "auth.permission", "pk": 53, "fields": {"name": "Can add categorie", "content_type": 18, "codename": "add_categorie"}}, {"model": "auth.permission", "pk": 54, "fields": {"name": "Can change categorie", "content_type": 18, "codename": "change_categorie"}}, {"model": "auth.permission", "pk": 55, "fields": {"name": "Can delete categorie", "content_type": 18, "codename": "delete_categorie"}}, {"model": "auth.permission", "pk": 56, "fields": {"name": "Can add event", "content_type": 19, "codename": "add_event"}}, {"model": "auth.permission", "pk": 57, "fields": {"name": "Can change event", "content_type": 19, "codename": "change_event"}}, {"model": "auth.permission", "pk": 58, "fields": {"name": "Can delete event", "content_type": 19, "codename": "delete_event"}}, {"model": "auth.permission", "pk": 59, "fields": {"name": "Can change profile", "content_type": 14, "codename": "change_profile"}}, {"model": "auth.permission", "pk": 60, "fields": {"name": "Can delete profile", "content_type": 14, "codename": "delete_profile"}}, {"model": "auth.user", "pk": -1, "fields": {"password": "!kfjZNoZAOINS7SF8hv1TZrsMLBwo9Bydr3DtzjrU", "last_login": null, "is_superuser": false, "username": "AnonymousUser", "first_name": "", "last_name": "", "email": "", "is_staff": false, "is_active": true, "date_joined": "2016-05-26T12:51:10.579Z", "groups": [], "user_permissions": []}}, {"model": "auth.user", "pk": 1, "fields": {"password": "pbkdf2_sha256$24000$lODPNhoBVB36$czolz+NMygtDupZDEUWbtlEFOuvOCZbnc0i2TSy0TUI=", "last_login": "2016-05-27T08:51:25.919Z", "is_superuser": true, "username": "admin", "first_name": "", "last_name": "", "email": "admin@plop.fr", "is_staff": true, "is_active": true, "date_joined": "2016-05-26T12:52:36.897Z", "groups": [], "user_permissions": []}}, {"model": "auth.user", "pk": 2, "fields": {"password": "pbkdf2_sha256$24000$LZgcO3mBj2Dw$7JBwqmSX/KfxTjl3CIm37X4Pyw3902xd8oGG/3hwV5Y=", "last_login": null, "is_superuser": false, "username": "plop", "first_name": "", "last_name": "", "email": "plop@hotmail.fr", "is_staff": false, "is_active": true, "date_joined": "2016-05-26T12:54:11.941Z", "groups": [], "user_permissions": []}}, {"model": "auth.user", "pk": 3, "fields": {"password": "pbkdf2_sha256$24000$A3ota9g32Awu$i+ZR+fJb3mnY9t5B2c7CvK5c0vkI4Tro/jODzlmO8Z0=", "last_login": null, "is_superuser": false, "username": "plop2", "first_name": "", "last_name": "", "email": "plop2@hotmail.fr", "is_staff": false, "is_active": true, "date_joined": "2016-05-26T12:54:36.046Z", "groups": [], "user_permissions": []}}, {"model": "auth.user", "pk": 4, "fields": {"password": "pbkdf2_sha256$24000$z7ZYR1bHkIun$P4njIjeVSRyYUywAO8Hp1q8K34ILM/l6QLTiVlLmoJ0=", "last_login": null, "is_superuser": false, "username": "plop3", "first_name": "", "last_name": "", "email": "plop3@hotmail.fr", "is_staff": false, "is_active": true, "date_joined": "2016-05-26T12:55:22.337Z", "groups": [], "user_permissions": []}}, {"model": "auth.user", "pk": 5, "fields": {"password": "pbkdf2_sha256$24000$7VzaIxGjZ9MO$SPdfMcAby/Pp5O2yWtgHlu1IPFNXQfHa9FuNf+ULp2s=", "last_login": "2016-05-26T12:57:17.729Z", "is_superuser": false, "username": "plop4", "first_name": "", "last_name": "", "email": "plop4@hotmail.fr", "is_staff": false, "is_active": true, "date_joined": "2016-05-26T12:57:17.389Z", "groups": [], "user_permissions": []}}, {"model": "auth.user", "pk": 6, "fields": {"password": "pbkdf2_sha256$24000$Dc8uUlgyCnl4$Yfl2la/XiLsllVkj4Zn5K4aKuPJZIdbIGyhqWgNBZiE=", "last_login": "2016-05-26T13:02:51.571Z", "is_superuser": false, "username": "azerty", "first_name": "", "last_name": "", "email": "plop12@hotmail.fr", "is_staff": false, "is_active": true, "date_joined": "2016-05-26T13:02:51.143Z", "groups": [], "user_permissions": []}}, {"model": "auth.user", "pk": 7, "fields": {"password": "pbkdf2_sha256$24000$HtwdiUipYKLd$rAvIUpsfarrR8wHcHsu5pl3wroXjctWK+I53Co45WpQ=", "last_login": "2016-05-26T13:09:15.241Z", "is_superuser": false, "username": "fdsffds", "first_name": "", "last_name": "", "email": "sdfdsf@dfsdsf.fr", "is_staff": false, "is_active": true, "date_joined": "2016-05-26T13:09:14.863Z", "groups": [], "user_permissions": []}}, {"model": "auth.user", "pk": 8, "fields": {"password": "pbkdf2_sha256$24000$conILoaBhQ9O$arAFLKwiL0vtx87fLzTVRl+rgQDhjbM0iXP3+Z+0sn8=", "last_login": "2016-05-26T14:52:28.848Z", "is_superuser": false, "username": "toto", "first_name": "", "last_name": "", "email": "toto@gmail.com", "is_staff": false, "is_active": true, "date_joined": "2016-05-26T13:35:35.269Z", "groups": [], "user_permissions": []}}, {"model": "userena.userenasignup", "pk": 1, "fields": {"user": 3, "last_active": null, "activation_key": "a44e4425e8ac1394edb61b9c4a0d9a246ec8dbc4", "activation_notification_send": false, "email_unconfirmed": "", "email_confirmation_key": "", "email_confirmation_key_created": null}}, {"model": "userena.userenasignup", "pk": 2, "fields": {"user": 4, "last_active": null, "activation_key": "83ea6386c3610fe7ff4391046efbae49e835ae96", "activation_notification_send": false, "email_unconfirmed": "", "email_confirmation_key": "", "email_confirmation_key_created": null}}, {"model": "userena.userenasignup", "pk": 3, "fields": {"user": 5, "last_active": null, "activation_key": "643779b535b420d8f2076b9b80d4bfa4bb3f4c5a", "activation_notification_send": false, "email_unconfirmed": "", "email_confirmation_key": "", "email_confirmation_key_created": null}}, {"model": "userena.userenasignup", "pk": 4, "fields": {"user": 6, "last_active": null, "activation_key": "80aae7e718651a329c60332e61d078a88ad1ba67", "activation_notification_send": false, "email_unconfirmed": "", "email_confirmation_key": "", "email_confirmation_key_created": null}}, {"model": "userena.userenasignup", "pk": 5, "fields": {"user": 7, "last_active": null, "activation_key": "bdcd6870519b063592e324ed34e8b3ff091e256d", "activation_notification_send": false, "email_unconfirmed": "", "email_confirmation_key": "", "email_confirmation_key_created": null}}, {"model": "userena.userenasignup", "pk": 6, "fields": {"user": 8, "last_active": null, "activation_key": "3f465fa554451c0788bf03222900d2451892a916", "activation_notification_send": false, "email_unconfirmed": "", "email_confirmation_key": "", "email_confirmation_key_created": null}}, {"model": "guardian.userobjectpermission", "pk": 1, "fields": {"permission": 43, "content_type": 14, "object_pk": "1", "user": 2}}, {"model": "guardian.userobjectpermission", "pk": 2, "fields": {"permission": 59, "content_type": 14, "object_pk": "1", "user": 2}}, {"model": "guardian.userobjectpermission", "pk": 3, "fields": {"permission": 60, "content_type": 14, "object_pk": "1", "user": 2}}, {"model": "guardian.userobjectpermission", "pk": 4, "fields": {"permission": 11, "content_type": 4, "object_pk": "2", "user": 2}}, {"model": "guardian.userobjectpermission", "pk": 5, "fields": {"permission": 12, "content_type": 4, "object_pk": "2", "user": 2}}, {"model": "guardian.userobjectpermission", "pk": 6, "fields": {"permission": 43, "content_type": 14, "object_pk": "3", "user": 3}}, {"model": "guardian.userobjectpermission", "pk": 7, "fields": {"permission": 59, "content_type": 14, "object_pk": "3", "user": 3}}, {"model": "guardian.userobjectpermission", "pk": 8, "fields": {"permission": 60, "content_type": 14, "object_pk": "3", "user": 3}}, {"model": "guardian.userobjectpermission", "pk": 9, "fields": {"permission": 11, "content_type": 4, "object_pk": "3", "user": 3}}, {"model": "guardian.userobjectpermission", "pk": 10, "fields": {"permission": 12, "content_type": 4, "object_pk": "3", "user": 3}}, {"model": "guardian.userobjectpermission", "pk": 11, "fields": {"permission": 43, "content_type": 14, "object_pk": "4", "user": 4}}, {"model": "guardian.userobjectpermission", "pk": 12, "fields": {"permission": 59, "content_type": 14, "object_pk": "4", "user": 4}}, {"model": "guardian.userobjectpermission", "pk": 13, "fields": {"permission": 60, "content_type": 14, "object_pk": "4", "user": 4}}, {"model": "guardian.userobjectpermission", "pk": 14, "fields": {"permission": 11, "content_type": 4, "object_pk": "4", "user": 4}}, {"model": "guardian.userobjectpermission", "pk": 15, "fields": {"permission": 12, "content_type": 4, "object_pk": "4", "user": 4}}, {"model": "guardian.userobjectpermission", "pk": 16, "fields": {"permission": 43, "content_type": 14, "object_pk": "5", "user": 5}}, {"model": "guardian.userobjectpermission", "pk": 17, "fields": {"permission": 59, "content_type": 14, "object_pk": "5", "user": 5}}, {"model": "guardian.userobjectpermission", "pk": 18, "fields": {"permission": 60, "content_type": 14, "object_pk": "5", "user": 5}}, {"model": "guardian.userobjectpermission", "pk": 19, "fields": {"permission": 11, "content_type": 4, "object_pk": "5", "user": 5}}, {"model": "guardian.userobjectpermission", "pk": 20, "fields": {"permission": 12, "content_type": 4, "object_pk": "5", "user": 5}}, {"model": "guardian.userobjectpermission", "pk": 21, "fields": {"permission": 43, "content_type": 14, "object_pk": "6", "user": 6}}, {"model": "guardian.userobjectpermission", "pk": 22, "fields": {"permission": 59, "content_type": 14, "object_pk": "6", "user": 6}}, {"model": "guardian.userobjectpermission", "pk": 23, "fields": {"permission": 60, "content_type": 14, "object_pk": "6", "user": 6}}, {"model": "guardian.userobjectpermission", "pk": 24, "fields": {"permission": 11, "content_type": 4, "object_pk": "6", "user": 6}}, {"model": "guardian.userobjectpermission", "pk": 25, "fields": {"permission": 12, "content_type": 4, "object_pk": "6", "user": 6}}, {"model": "guardian.userobjectpermission", "pk": 26, "fields": {"permission": 43, "content_type": 14, "object_pk": "7", "user": 7}}, {"model": "guardian.userobjectpermission", "pk": 27, "fields": {"permission": 59, "content_type": 14, "object_pk": "7", "user": 7}}, {"model": "guardian.userobjectpermission", "pk": 28, "fields": {"permission": 60, "content_type": 14, "object_pk": "7", "user": 7}}, {"model": "guardian.userobjectpermission", "pk": 29, "fields": {"permission": 11, "content_type": 4, "object_pk": "7", "user": 7}}, {"model": "guardian.userobjectpermission", "pk": 30, "fields": {"permission": 12, "content_type": 4, "object_pk": "7", "user": 7}}, {"model": "guardian.userobjectpermission", "pk": 31, "fields": {"permission": 43, "content_type": 14, "object_pk": "8", "user": 8}}, {"model": "guardian.userobjectpermission", "pk": 32, "fields": {"permission": 59, "content_type": 14, "object_pk": "8", "user": 8}}, {"model": "guardian.userobjectpermission", "pk": 33, "fields": {"permission": 60, "content_type": 14, "object_pk": "8", "user": 8}}, {"model": "guardian.userobjectpermission", "pk": 34, "fields": {"permission": 11, "content_type": 4, "object_pk": "8", "user": 8}}, {"model": "guardian.userobjectpermission", "pk": 35, "fields": {"permission": 12, "content_type": 4, "object_pk": "8", "user": 8}}, {"model": "lozprofile.lozprofile", "pk": 1, "fields": {"mugshot": "", "privacy": "registered", "user": 2, "address": null, "favorite_categories": []}}, {"model": "lozprofile.lozprofile", "pk": 2, "fields": {"mugshot": "", "privacy": "registered", "user": 1, "address": null, "favorite_categories": []}}, {"model": "lozprofile.lozprofile", "pk": 3, "fields": {"mugshot": "", "privacy": "registered", "user": 3, "address": null, "favorite_categories": []}}, {"model": "lozprofile.lozprofile", "pk": 4, "fields": {"mugshot": "", "privacy": "registered", "user": 4, "address": null, "favorite_categories": []}}, {"model": "lozprofile.lozprofile", "pk": 5, "fields": {"mugshot": "", "privacy": "registered", "user": 5, "address": 2, "favorite_categories": [1]}}, {"model": "lozprofile.lozprofile", "pk": 6, "fields": {"mugshot": "", "privacy": "registered", "user": 6, "address": 3, "favorite_categories": [1]}}, {"model": "lozprofile.lozprofile", "pk": 7, "fields": {"mugshot": "", "privacy": "registered", "user": 7, "address": 4, "favorite_categories": [1]}}, {"model": "lozprofile.lozprofile", "pk": 8, "fields": {"mugshot": "mugshots/501ca81071.jpg", "privacy": "registered", "user": 8, "address": 5, "favorite_categories": [1]}}, {"model": "lozapp.event", "pk": 1, "fields": {"title": "premier post", "begin_date": "2012-10-09T22:00:00Z", "end_date": "2016-06-13T22:00:00Z", "desc": "qsgqg", "slug": "premier-post", "date_creation": "2016-05-26T14:30:33.995Z", "photo": "events/4571f7a0675992e5dcafc970c6ca081a_large_GNVhIrI.jpeg", "categorie": 1, "pro": 1, "addr": 3, "is_validated": false, "participant": []}}, {"model": "lozapp.event", "pk": 2, "fields": {"title": "test mende", "begin_date": "2012-10-09T22:00:00Z", "end_date": "2016-06-13T22:00:00Z", "desc": "lhqlkjhqhh", "slug": "test-mende", "date_creation": "2016-05-27T08:52:26.951Z", "photo": "events/WP_20160527_08_39_29_Pro.jpg", "categorie": 1, "pro": 1, "addr": 6, "is_validated": false, "participant": []}}, {"model": "lozapp.event", "pk": 3, "fields": {"title": "test langogne", "begin_date": "2012-10-09T22:00:00Z", "end_date": "2016-06-13T22:00:00Z", "desc": "fghkqgshkqfjhfqkjhlgfqkj", "slug": "test-langogne", "date_creation": "2016-05-27T08:53:15.317Z", "photo": "events/WP_20160527_08_39_44_Pro.jpg", "categorie": 1, "pro": 2, "addr": 5, "is_validated": false, "participant": []}}, {"model": "admin.logentry", "pk": 1, "fields": {"action_time": "2016-05-26T12:53:46.963Z", "user": 1, "content_type": 18, "object_id": "1", "object_repr": "Plop", "action_flag": 1, "change_message": "Ajout."}}, {"model": "admin.logentry", "pk": 2, "fields": {"action_time": "2016-05-27T08:51:58.772Z", "user": 1, "content_type": 17, "object_id": "6", "object_repr": "mende 10 avenue du marechal foch", "action_flag": 1, "change_message": "Ajout."}}]